{
  "Baseline CLIP": {
    "rsum": 472.3,
    "vg_sim": 0.8103915282658168,
    "sc": 66.66666666666667,
    "i2t_r1": 69.0,
    "i2t_r5": 90.8,
    "i2t_r10": 95.5,
    "t2i_r1": 49.56,
    "t2i_r5": 78.78,
    "t2i_r10": 88.66
  },
  "New": {
    "rsum": 306.22,
    "vg_sim": 0.27102868046079365,
    "sc": 54.0,
    "i2t_r1": 32.9,
    "i2t_r5": 63.3,
    "i2t_r10": 76.3,
    "t2i_r1": 19.66,
    "t2i_r5": 48.34,
    "t2i_r10": 65.72
  }
}