{
  "training": {
    "dataset": "sugarcrepe",
    "examples": 15022,
    "epochs": 5,
    "train_losses": [
      2.9928806161428514,
      1.6070479318428943,
      1.1800121511045791,
      1.0288399620361237,
      0.9765088597745127
    ],
    "gate_values": [
      0.5753333568572998,
      0.6030293703079224,
      0.6183695197105408,
      0.6249945759773254,
      0.6261158585548401
    ]
  },
  "winoground": {
    "baseline": {
      "text": 31.25,
      "image": 11.0,
      "group": 8.75
    },
    "trained": {
      "text": 13.25,
      "image": 6.75,
      "group": 2.5
    },
    "improvement": {
      "text": -18.0,
      "image": -4.25,
      "group": -6.25
    }
  }
}